epoch_ms,timestamp,node,http_code
1783903572745,2026-07-13 00:46:12.748,idm2,200
1783903573064,2026-07-13 00:46:13.067,idm1,200
1783903573366,2026-07-13 00:46:13.369,idm2,200
1783903573673,2026-07-13 00:46:13.676,idm1,200
1783903573972,2026-07-13 00:46:13.975,idm2,200
1783903574276,2026-07-13 00:46:14.279,idm1,200
1783903574582,2026-07-13 00:46:14.585,idm2,200
1783903574898,2026-07-13 00:46:14.902,idm1,200
1783903575198,2026-07-13 00:46:15.201,idm2,200
1783903575502,2026-07-13 00:46:15.506,idm1,200
1783903575805,2026-07-13 00:46:15.808,idm2,200
1783903576116,2026-07-13 00:46:16.119,idm1,200
1783903576419,2026-07-13 00:46:16.422,idm2,200
1783903576724,2026-07-13 00:46:16.727,idm1,200
1783903577027,2026-07-13 00:46:17.031,idm2,200
1783903577333,2026-07-13 00:46:17.336,idm1,200
1783903577635,2026-07-13 00:46:17.638,idm2,200
1783903577945,2026-07-13 00:46:17.948,idm1,200
1783903578248,2026-07-13 00:46:18.251,idm2,200
1783903578549,2026-07-13 00:46:18.553,idm1,200
1783903578859,2026-07-13 00:46:18.863,idm2,200
1783903579160,2026-07-13 00:46:19.164,idm1,200
1783903579465,2026-07-13 00:46:19.469,idm2,200
1783903579770,2026-07-13 00:46:19.773,idm1,200
1783903580070,2026-07-13 00:46:20.072,idm2,200
1783903580372,2026-07-13 00:46:20.376,idm1,200
1783903580674,2026-07-13 00:46:20.678,idm2,200
1783903580983,2026-07-13 00:46:20.987,idm1,200
1783903581283,2026-07-13 00:46:21.287,idm2,200
1783903581588,2026-07-13 00:46:21.591,idm1,200
1783903581893,2026-07-13 00:46:21.896,idm2,200
1783903582203,2026-07-13 00:46:22.206,idm1,200
1783903582505,2026-07-13 00:46:22.508,idm2,200
1783903582814,2026-07-13 00:46:22.818,idm1,200
1783903583125,2026-07-13 00:46:23.129,idm2,200
1783903583428,2026-07-13 00:46:23.432,idm1,200
1783903583728,2026-07-13 00:46:23.731,idm2,200
1783903584037,2026-07-13 00:46:24.040,idm1,200
1783903584343,2026-07-13 00:46:24.347,idm2,200
1783903584651,2026-07-13 00:46:24.654,idm1,200
1783903584952,2026-07-13 00:46:24.955,idm2,200
1783903585254,2026-07-13 00:46:25.257,idm1,200
1783903585554,2026-07-13 00:46:25.557,idm2,200
1783903585859,2026-07-13 00:46:25.862,idm1,200
1783903586164,2026-07-13 00:46:26.167,idm2,200
1783903586468,2026-07-13 00:46:26.471,idm1,200
1783903586767,2026-07-13 00:46:26.770,idm2,200
1783903587069,2026-07-13 00:46:27.073,idm1,200
1783903587372,2026-07-13 00:46:27.375,idm2,200
1783903587675,2026-07-13 00:46:27.678,idm1,200
1783903587972,2026-07-13 00:46:27.976,idm2,200
1783903588273,2026-07-13 00:46:28.276,idm1,200
1783903588575,2026-07-13 00:46:28.578,idm2,200
1783903588881,2026-07-13 00:46:28.885,idm1,200
1783903589190,2026-07-13 00:46:29.194,idm2,200
1783903589492,2026-07-13 00:46:29.495,idm1,200
1783903589790,2026-07-13 00:46:29.793,idm2,200
1783903590092,2026-07-13 00:46:30.096,idm1,200
1783903590392,2026-07-13 00:46:30.395,idm2,200
1783903590693,2026-07-13 00:46:30.696,idm1,200
1783903591000,2026-07-13 00:46:31.003,idm2,200
1783903591302,2026-07-13 00:46:31.305,idm1,200
1783903591613,2026-07-13 00:46:31.617,idm2,200
1783903591920,2026-07-13 00:46:31.923,idm1,200
1783903592218,2026-07-13 00:46:32.221,idm2,200
1783903592520,2026-07-13 00:46:32.523,idm1,200
1783903592820,2026-07-13 00:46:32.823,idm2,200
1783903593131,2026-07-13 00:46:33.135,idm1,200
1783903593431,2026-07-13 00:46:33.435,idm2,200
1783903593744,2026-07-13 00:46:33.747,idm1,200
1783903594046,2026-07-13 00:46:34.050,idm2,200
1783903594361,2026-07-13 00:46:34.366,idm1,200
1783903594667,2026-07-13 00:46:34.671,idm2,200
1783903594972,2026-07-13 00:46:34.976,idm1,200
1783903595275,2026-07-13 00:46:35.279,idm2,200
1783903595580,2026-07-13 00:46:35.584,idm1,200
1783903595883,2026-07-13 00:46:35.887,idm2,200
1783903596188,2026-07-13 00:46:36.191,idm1,200
1783903596488,2026-07-13 00:46:36.492,idm2,200
1783903596790,2026-07-13 00:46:36.794,idm1,200
