round,request,status,node,http_code,curl_rc,duration_ms,error
1,2,OK,idm2,200,0,167.207,
1,6,OK,idm2,200,0,159.519,
1,7,OK,idm2,200,0,142.302,
1,5,OK,idm2,200,0,108.664,
1,3,OK,idm2,200,0,165.387,
1,1,OK,idm2,200,0,128.024,
1,4,OK,idm2,200,0,118.079,
1,8,OK,idm2,200,0,142.875,
1,9,OK,idm2,200,0,188.922,
1,10,OK,idm2,200,0,214.263,
1,12,OK,idm2,200,0,185.948,
1,14,OK,idm2,200,0,213.398,
1,18,OK,idm2,200,0,197.641,
1,17,OK,idm2,200,0,208.197,
1,11,OK,idm2,200,0,283.003,
1,15,OK,idm2,200,0,251.717,
1,27,OK,idm2,200,0,193.798,
1,26,OK,idm2,200,0,207.999,
1,25,OK,idm2,200,0,220.35,
1,20,OK,idm2,200,0,250.465,
1,13,OK,idm2,200,0,301.776,
1,28,OK,idm2,200,0,222.263,
1,19,OK,idm2,200,0,277.341,
1,22,OK,idm2,200,0,271.331,
1,29,OK,idm2,200,0,193.611,
1,16,OK,idm2,200,0,320.908,
1,21,OK,idm2,200,0,292.529,
1,24,OK,idm2,200,0,310.306,
1,31,OK,idm2,200,0,199.904,
1,23,OK,idm2,200,0,313.406,
1,34,OK,idm2,200,0,179.666,
1,32,OK,idm2,200,0,216.564,
1,33,OK,idm2,200,0,230.57,
1,36,OK,idm2,200,0,207.811,
1,38,OK,idm2,200,0,194.481,
1,37,OK,idm2,200,0,204.138,
1,30,OK,idm2,200,0,341.61,
1,39,OK,idm2,200,0,235.962,
1,42,OK,idm2,200,0,229.119,
1,45,OK,idm2,200,0,198.705,
1,35,OK,idm2,200,0,301.43,
1,40,OK,idm2,200,0,330.639,
1,41,OK,idm2,200,0,322.586,
1,46,OK,idm2,200,0,288.339,
1,51,OK,idm2,200,0,221.011,
1,52,OK,idm2,200,0,195.75,
1,47,OK,idm2,200,0,296.742,
1,53,OK,idm2,200,0,200.626,
1,43,OK,idm2,200,0,363.147,
1,56,OK,idm2,200,0,194.941,
1,44,OK,idm2,200,0,343.123,
1,48,OK,idm2,200,0,314.091,
1,54,OK,idm2,200,0,218.843,
1,55,OK,idm2,200,0,224.695,
1,49,OK,idm2,200,0,347.801,
1,58,OK,idm2,200,0,212.622,
1,59,OK,idm2,200,0,216.315,
1,60,OK,idm2,200,0,214.455,
1,50,OK,idm2,200,0,396.199,
1,64,OK,idm2,200,0,189.248,
1,65,OK,idm2,200,0,226.752,
1,66,OK,idm2,200,0,227.106,
1,68,OK,idm2,200,0,216.085,
1,57,OK,idm2,200,0,364.57,
1,71,OK,idm2,200,0,218.23,
1,73,OK,idm2,200,0,205.864,
1,61,OK,idm2,200,0,350.282,
1,67,OK,idm2,200,0,301.327,
1,62,OK,idm2,200,0,333.148,
1,72,OK,idm2,200,0,289.098,
1,78,OK,idm2,200,0,236.233,
1,76,OK,idm2,200,0,246.615,
1,79,OK,idm2,200,0,209.526,
1,63,OK,idm2,200,0,376.315,
1,70,OK,idm2,200,0,335.711,
1,69,OK,idm2,200,0,341.279,
1,74,OK,idm2,200,0,316.219,
1,75,OK,idm2,200,0,310.523,
1,77,OK,idm2,200,0,320.857,
1,80,OK,idm2,200,0,250.751,
1,81,OK,idm2,200,0,226.95,
1,82,OK,idm2,200,0,246.3,
1,84,OK,idm2,200,0,237.793,
1,85,OK,idm2,200,0,226.049,
1,86,OK,idm2,200,0,229.437,
1,87,OK,idm2,200,0,222.061,
1,96,OK,idm2,200,0,168.4,
1,91,OK,idm2,200,0,201.803,
1,89,OK,idm2,200,0,209.395,
1,95,OK,idm2,200,0,192.631,
1,93,OK,idm2,200,0,209.934,
1,92,OK,idm2,200,0,210.492,
1,83,OK,idm2,200,0,333.876,
1,90,OK,idm2,200,0,232.765,
1,88,OK,idm2,200,0,270.188,
1,94,OK,idm2,200,0,221.246,
1,100,OK,idm2,200,0,153.215,
1,98,OK,idm2,200,0,196.856,
1,97,OK,idm2,200,0,217.411,
1,99,OK,idm2,200,0,166.997,
2,3,OK,idm2,200,0,126.027,
2,2,OK,idm2,200,0,144.725,
2,6,OK,idm2,200,0,107.782,
2,1,OK,idm2,200,0,74.287,
2,4,OK,idm2,200,0,169.963,
2,5,OK,idm2,200,0,184.896,
2,8,OK,idm2,200,0,185.31,
2,10,OK,idm2,200,0,176.928,
2,9,OK,idm2,200,0,207.978,
2,7,OK,idm2,200,0,243.001,
2,16,OK,idm2,200,0,191.438,
2,12,OK,idm2,200,0,223.979,
2,11,OK,idm2,200,0,238.413,
2,14,OK,idm2,200,0,225.561,
2,13,OK,idm2,200,0,248.155,
2,18,OK,idm2,200,0,203.108,
2,15,OK,idm2,200,0,248.394,
2,20,OK,idm2,200,0,210.186,
2,21,OK,idm2,200,0,206.092,
2,19,OK,idm2,200,0,223.79,
2,22,OK,idm2,200,0,211.178,
2,17,OK,idm2,200,0,309.291,
2,24,OK,idm2,200,0,235.248,
2,31,OK,idm2,200,0,193.576,
2,30,OK,idm2,200,0,211.807,
2,32,OK,idm2,200,0,200.715,
2,34,OK,idm2,200,0,198.491,
2,36,OK,idm2,200,0,190.077,
2,25,OK,idm2,200,0,319.448,
2,23,OK,idm2,200,0,366.085,
2,27,OK,idm2,200,0,317.387,
2,28,OK,idm2,200,0,314.767,
2,29,OK,idm2,200,0,294.196,
2,38,OK,idm2,200,0,213.204,
2,39,OK,idm2,200,0,211.208,
2,33,OK,idm2,200,0,285.378,
2,41,OK,idm2,200,0,209.881,
2,26,OK,idm2,200,0,382.983,
2,35,OK,idm2,200,0,289.139,
2,40,OK,idm2,200,0,249.26,
2,37,OK,idm2,200,0,295.418,
2,42,OK,idm2,200,0,245.731,
2,45,OK,idm2,200,0,205.785,
2,46,OK,idm2,200,0,208.865,
2,44,OK,idm2,200,0,228.603,
2,48,OK,idm2,200,0,201.08,
2,43,OK,idm2,200,0,297.112,
2,49,OK,idm2,200,0,215.784,
2,47,OK,idm2,200,0,226.184,
2,52,OK,idm2,200,0,244.131,
2,54,OK,idm2,200,0,233.526,
2,55,OK,idm2,200,0,234.972,
2,57,OK,idm2,200,0,227.314,
2,51,OK,idm2,200,0,277.645,
2,53,OK,idm2,200,0,292.336,
2,58,OK,idm2,200,0,275.686,
2,50,OK,idm2,200,0,354.423,
2,63,OK,idm2,200,0,191.249,
2,68,OK,idm2,200,0,179.923,
2,60,OK,idm2,200,0,301.879,
2,67,OK,idm2,200,0,197.216,
2,56,OK,idm2,200,0,338.704,
2,64,OK,idm2,200,0,226.225,
2,62,OK,idm2,200,0,273.211,
2,65,OK,idm2,200,0,236.374,
2,61,OK,idm2,200,0,317.022,
2,69,OK,idm2,200,0,220.413,
2,59,OK,idm2,200,0,365.873,
2,66,OK,idm2,200,0,265.378,
2,72,OK,idm2,200,0,183.33,
2,75,OK,idm2,200,0,177.391,
2,71,OK,idm2,200,0,221.63,
2,74,OK,idm2,200,0,219.534,
2,73,OK,idm2,200,0,245.447,
2,78,OK,idm2,200,0,215.206,
2,81,OK,idm2,200,0,190.054,
2,79,OK,idm2,200,0,199.948,
2,83,OK,idm2,200,0,232.897,
2,85,OK,idm2,200,0,218.869,
2,87,OK,idm2,200,0,224.2,
2,70,OK,idm2,200,0,397.711,
2,76,OK,idm2,200,0,316.6,
2,90,OK,idm2,200,0,203.361,
2,77,OK,idm2,200,0,325.673,
2,82,OK,idm2,200,0,291.089,
2,80,OK,idm2,200,0,303.226,
2,93,OK,idm2,200,0,191.704,
2,92,OK,idm2,200,0,203.342,
2,84,OK,idm2,200,0,297.058,
2,86,OK,idm2,200,0,289.34,
2,96,OK,idm2,200,0,148.081,
2,95,OK,idm2,200,0,156.375,
2,88,OK,idm2,200,0,285.115,
2,89,OK,idm2,200,0,284.606,
2,98,OK,idm2,200,0,122.92,
2,100,OK,idm2,200,0,99.868,
2,91,OK,idm2,200,0,263.174,
2,99,OK,idm2,200,0,122.626,
2,97,OK,idm2,200,0,182.197,
2,94,OK,idm2,200,0,241.754,
3,2,OK,idm2,200,0,111.246,
3,1,OK,idm2,200,0,109.516,
3,3,OK,idm2,200,0,70.313,
3,5,OK,idm2,200,0,140.269,
3,6,OK,idm2,200,0,116.758,
3,4,OK,idm2,200,0,69.114,
3,15,OK,idm2,200,0,156.949,
3,13,OK,idm2,200,0,163.839,
3,14,OK,idm2,200,0,179.518,
3,12,OK,idm2,200,0,190.171,
3,16,OK,idm2,200,0,175.255,
3,7,OK,idm2,200,0,234.393,
3,11,OK,idm2,200,0,238.024,
3,9,OK,idm2,200,0,255.877,
3,10,OK,idm2,200,0,265.139,
3,8,OK,idm2,200,0,288.374,
3,18,OK,idm2,200,0,230.092,
3,22,OK,idm2,200,0,201.304,
3,25,OK,idm2,200,0,179.666,
3,17,OK,idm2,200,0,236.538,
3,23,OK,idm2,200,0,251.176,
3,27,OK,idm2,200,0,198.599,
3,28,OK,idm2,200,0,200.456,
3,19,OK,idm2,200,0,325.187,
3,20,OK,idm2,200,0,318.776,
3,24,OK,idm2,200,0,283.528,
3,30,OK,idm2,200,0,184.535,
3,29,OK,idm2,200,0,199.942,
3,21,OK,idm2,200,0,321.494,
3,26,OK,idm2,200,0,275.304,
3,31,OK,idm2,200,0,203.595,
3,34,OK,idm2,200,0,216.053,
3,39,OK,idm2,200,0,177.566,
3,32,OK,idm2,200,0,266.957,
3,35,OK,idm2,200,0,222.051,
3,41,OK,idm2,200,0,212.694,
3,33,OK,idm2,200,0,320.654,
3,44,OK,idm2,200,0,194.339,
3,38,OK,idm2,200,0,294.647,
3,36,OK,idm2,200,0,309.439,
3,42,OK,idm2,200,0,210.52,
3,48,OK,idm2,200,0,203.211,
3,47,OK,idm2,200,0,217.725,
3,43,OK,idm2,200,0,247.377,
3,37,OK,idm2,200,0,352.86,
3,40,OK,idm2,200,0,350.693,
3,51,OK,idm2,200,0,244.562,
3,52,OK,idm2,200,0,202.117,
3,49,OK,idm2,200,0,273.327,
3,50,OK,idm2,200,0,286.115,
3,45,OK,idm2,200,0,309.329,
3,53,OK,idm2,200,0,231.273,
3,55,OK,idm2,200,0,242.985,
3,46,OK,idm2,200,0,361.43,
3,58,OK,idm2,200,0,223.008,
3,54,OK,idm2,200,0,327.685,
3,56,OK,idm2,200,0,250.457,
3,57,OK,idm2,200,0,253.004,
3,61,OK,idm2,200,0,266.726,
3,62,OK,idm2,200,0,310.159,
3,63,OK,idm2,200,0,307.569,
3,66,OK,idm2,200,0,277.102,
3,65,OK,idm2,200,0,286.887,
3,59,OK,idm2,200,0,398.98,
3,60,OK,idm2,200,0,398.79,
3,64,OK,idm2,200,0,359.664,
3,68,OK,idm2,200,0,357.118,
3,67,OK,idm2,200,0,365.783,
3,72,OK,idm2,200,0,326.401,
3,69,OK,idm2,200,0,362.107,
3,70,OK,idm2,200,0,374.122,
3,71,OK,idm2,200,0,374.228,
3,77,OK,idm2,200,0,343.182,
3,75,OK,idm2,200,0,361.479,
3,73,OK,idm2,200,0,457.095,
3,74,OK,idm2,200,0,447.981,
3,76,OK,idm2,200,0,405.357,
3,79,OK,idm2,200,0,370.06,
3,83,OK,idm2,200,0,297.485,
3,85,OK,idm2,200,0,313.338,
3,86,OK,idm2,200,0,317.271,
3,88,OK,idm2,200,0,298.657,
3,78,OK,idm2,200,0,507.084,
3,82,OK,idm2,200,0,421.713,
3,81,OK,idm2,200,0,444.287,
3,94,OK,idm2,200,0,224.578,
3,87,OK,idm2,200,0,368.425,
3,84,OK,idm2,200,0,412.478,
3,99,OK,idm2,200,0,178.547,
3,80,OK,idm2,200,0,497.534,
3,97,OK,idm2,200,0,204.764,
3,93,OK,idm2,200,0,268.073,
3,95,OK,idm2,200,0,240.139,
3,89,OK,idm2,200,0,411.608,
3,90,OK,idm2,200,0,404.674,
3,100,OK,idm2,200,0,148.839,
3,92,OK,idm2,200,0,378.156,
3,91,OK,idm2,200,0,384.137,
3,98,OK,idm2,200,0,227.275,
3,96,OK,idm2,200,0,252.454,
4,6,OK,idm2,200,0,99.052,
4,5,OK,idm2,200,0,93.217,
4,1,OK,idm2,200,0,96.796,
4,4,OK,idm2,200,0,139.861,
4,7,OK,idm2,200,0,128.38,
4,2,OK,idm2,200,0,112.576,
4,3,OK,idm2,200,0,94.56,
4,11,OK,idm2,200,0,197.942,
4,20,OK,idm2,200,0,151.92,
4,15,OK,idm2,200,0,172.396,
4,17,OK,idm2,200,0,174.464,
4,16,OK,idm2,200,0,182.294,
4,10,OK,idm2,200,0,239.553,
4,19,OK,idm2,200,0,193.989,
4,9,OK,idm2,200,0,259.293,
4,13,OK,idm2,200,0,254.673,
4,22,OK,idm2,200,0,190.29,
4,26,OK,idm2,200,0,187.036,
4,18,OK,idm2,200,0,239.967,
4,27,OK,idm2,200,0,173.26,
4,8,OK,idm2,200,0,332.082,
4,12,OK,idm2,200,0,340.362,
4,14,OK,idm2,200,0,347.17,
4,30,OK,idm2,200,0,170.944,
4,31,OK,idm2,200,0,171.467,
4,23,OK,idm2,200,0,292.238,
4,29,OK,idm2,200,0,195.821,
4,28,OK,idm2,200,0,204.322,
4,21,OK,idm2,200,0,360.027,
4,24,OK,idm2,200,0,344.25,
4,32,OK,idm2,200,0,223.121,
4,34,OK,idm2,200,0,213.987,
4,25,OK,idm2,200,0,369.179,
4,37,OK,idm2,200,0,191.813,
4,35,OK,idm2,200,0,253.264,
4,38,OK,idm2,200,0,225.374,
4,40,OK,idm2,200,0,256.122,
4,41,OK,idm2,200,0,242.191,
4,33,OK,idm2,200,0,325.618,
4,39,OK,idm2,200,0,305.794,
4,45,OK,idm2,200,0,226.45,
4,47,OK,idm2,200,0,210.684,
4,36,OK,idm2,200,0,341.944,
4,48,OK,idm2,200,0,214.513,
4,42,OK,idm2,200,0,277.275,
4,44,OK,idm2,200,0,257.949,
4,52,OK,idm2,200,0,213.264,
4,51,OK,idm2,200,0,228.43,
4,46,OK,idm2,200,0,301.033,
4,50,OK,idm2,200,0,251.515,
4,49,OK,idm2,200,0,291.968,
4,54,OK,idm2,200,0,236.807,
4,55,OK,idm2,200,0,222.004,
4,43,OK,idm2,200,0,355.095,
4,58,OK,idm2,200,0,225.847,
4,57,OK,idm2,200,0,232.554,
4,61,OK,idm2,200,0,179.09,
4,64,OK,idm2,200,0,216.016,
4,62,OK,idm2,200,0,227.055,
4,56,OK,idm2,200,0,328.607,
4,53,OK,idm2,200,0,390.879,
4,67,OK,idm2,200,0,198.927,
4,60,OK,idm2,200,0,287.243,
4,59,OK,idm2,200,0,327.759,
4,69,OK,idm2,200,0,214.037,
4,68,OK,idm2,200,0,232.491,
4,75,OK,idm2,200,0,199.031,
4,79,OK,idm2,200,0,149.349,
4,63,OK,idm2,200,0,374.635,
4,65,OK,idm2,200,0,369.912,
4,72,OK,idm2,200,0,284.876,
4,80,OK,idm2,200,0,165.951,
4,78,OK,idm2,200,0,179.231,
4,81,OK,idm2,200,0,163.278,
4,82,OK,idm2,200,0,154.814,
4,66,OK,idm2,200,0,388.456,
4,77,OK,idm2,200,0,242.546,
4,85,OK,idm2,200,0,198.534,
4,71,OK,idm2,200,0,395.742,
4,76,OK,idm2,200,0,327.489,
4,74,OK,idm2,200,0,383.399,
4,70,OK,idm2,200,0,425.39,
4,88,OK,idm2,200,0,155.233,
4,87,OK,idm2,200,0,174.518,
4,93,OK,idm2,200,0,154.438,
4,95,OK,idm2,200,0,152.783,
4,94,OK,idm2,200,0,161.691,
4,73,OK,idm2,200,0,459.747,
4,89,OK,idm2,200,0,204.273,
4,83,OK,idm2,200,0,316.14,
4,86,OK,idm2,200,0,292.132,
4,97,OK,idm2,200,0,186.545,
4,92,OK,idm2,200,0,214.164,
4,98,OK,idm2,200,0,133.497,
4,100,OK,idm2,200,0,128.521,
4,90,OK,idm2,200,0,247.712,
4,84,OK,idm2,200,0,359.692,
4,91,OK,idm2,200,0,251.953,
4,96,OK,idm2,200,0,225.648,
4,99,OK,idm2,200,0,155.491,
5,3,OK,idm2,200,0,131.008,
5,2,OK,idm2,200,0,103.701,
5,1,OK,idm2,200,0,140.076,
5,6,OK,idm2,200,0,139.771,
5,12,OK,idm2,200,0,152.362,
5,9,OK,idm2,200,0,160.175,
5,10,OK,idm2,200,0,160.716,
5,4,OK,idm2,200,0,198.899,
5,5,OK,idm2,200,0,196.897,
5,13,OK,idm2,200,0,162.345,
5,11,OK,idm2,200,0,184.117,
5,8,OK,idm2,200,0,207.929,
5,7,OK,idm2,200,0,246.786,
5,14,OK,idm2,200,0,240.648,
5,22,OK,idm2,200,0,173.307,
5,19,OK,idm2,200,0,198.05,
5,23,OK,idm2,200,0,197.58,
5,26,OK,idm2,200,0,175.228,
5,30,OK,idm2,200,0,163.89,
5,18,OK,idm2,200,0,285.833,
5,17,OK,idm2,200,0,288.735,
5,16,OK,idm2,200,0,309.086,
5,31,OK,idm2,200,0,182.868,
5,21,OK,idm2,200,0,267.122,
5,25,OK,idm2,200,0,238.434,
5,15,OK,idm2,200,0,349.946,
5,27,OK,idm2,200,0,236.759,
5,33,OK,idm2,200,0,198.404,
5,20,OK,idm2,200,0,352.002,
5,28,OK,idm2,200,0,293.741,
5,35,OK,idm2,200,0,184.597,
5,36,OK,idm2,200,0,201.401,
5,24,OK,idm2,200,0,364.485,
5,39,OK,idm2,200,0,174.77,
5,37,OK,idm2,200,0,201.923,
5,29,OK,idm2,200,0,343.682,
5,34,OK,idm2,200,0,251.994,
5,42,OK,idm2,200,0,194.673,
5,32,OK,idm2,200,0,362.651,
5,44,OK,idm2,200,0,201.361,
5,38,OK,idm2,200,0,242.26,
5,43,OK,idm2,200,0,208.318,
5,47,OK,idm2,200,0,201.241,
5,48,OK,idm2,200,0,213.685,
5,52,OK,idm2,200,0,183.868,
5,41,OK,idm2,200,0,317.719,
5,57,OK,idm2,200,0,189.113,
5,56,OK,idm2,200,0,192.062,
5,55,OK,idm2,200,0,196.982,
5,46,OK,idm2,200,0,338.148,
5,45,OK,idm2,200,0,343.624,
5,40,OK,idm2,200,0,397.433,
5,49,OK,idm2,200,0,305.575,
5,51,OK,idm2,200,0,305.62,
5,58,OK,idm2,200,0,213.881,
5,60,OK,idm2,200,0,204.442,
5,50,OK,idm2,200,0,319.143,
5,62,OK,idm2,200,0,209.587,
5,63,OK,idm2,200,0,211.454,
5,59,OK,idm2,200,0,254.753,
5,53,OK,idm2,200,0,339.835,
5,64,OK,idm2,200,0,204.34,
5,65,OK,idm2,200,0,214.273,
5,61,OK,idm2,200,0,315.756,
5,54,OK,idm2,200,0,388.165,
5,68,OK,idm2,200,0,192.887,
5,69,OK,idm2,200,0,193.307,
5,67,OK,idm2,200,0,222.643,
5,66,OK,idm2,200,0,283.894,
5,73,OK,idm2,200,0,230.004,
5,76,OK,idm2,200,0,210.257,
5,78,OK,idm2,200,0,199.059,
5,75,OK,idm2,200,0,214.748,
5,74,OK,idm2,200,0,257.697,
5,80,OK,idm2,200,0,221.461,
5,77,OK,idm2,200,0,273.166,
5,79,OK,idm2,200,0,280.146,
5,72,OK,idm2,200,0,339.896,
5,86,OK,idm2,200,0,194.028,
5,70,OK,idm2,200,0,368.137,
5,87,OK,idm2,200,0,240.547,
5,93,OK,idm2,200,0,162.437,
5,92,OK,idm2,200,0,172.868,
5,89,OK,idm2,200,0,204.451,
5,90,OK,idm2,200,0,183.714,
5,82,OK,idm2,200,0,314.442,
5,91,OK,idm2,200,0,186.898,
5,81,OK,idm2,200,0,353.845,
5,95,OK,idm2,200,0,149.34,
5,88,OK,idm2,200,0,265.897,
5,71,OK,idm2,200,0,455.242,
5,83,OK,idm2,200,0,327.05,
5,85,OK,idm2,200,0,311.331,
5,84,OK,idm2,200,0,320.882,
5,99,OK,idm2,200,0,119.807,
5,100,OK,idm2,200,0,112.848,
5,94,OK,idm2,200,0,213.636,
5,98,OK,idm2,200,0,149.266,
5,97,OK,idm2,200,0,151.576,
5,96,OK,idm2,200,0,197.219,
